<?xml version="1.0" encoding="UTF-8" standalone="no"?>
<!-- Generated 21 Nov, 2024 2:08:57 PM by Hibernate Tools 5.2.10.Final --><!DOCTYPE hibernate-mapping PUBLIC "-//Hibernate/Hibernate Mapping DTD 3.0//EN" "http://www.hibernate.org/dtd/hibernate-mapping-3.0.dtd">
<hibernate-mapping auto-import="true" default-access="property" default-cascade="none" default-lazy="true">
    <class catalog="bookstore" dynamic-insert="false" dynamic-update="false" mutable="true" name="com.pojo.Admin" optimistic-lock="version" polymorphism="implicit" select-before-update="false" table="admin">
        <id name="aid" type="java.lang.Integer">
            <column name="aid"/>
            <generator class="identity"/>
        </id>
        <property generated="never" lazy="false" name="name" optimistic-lock="true" type="string" unique="false">
            <column length="200" name="name"/>
        </property>
        <property generated="never" lazy="false" name="username" optimistic-lock="true" type="string" unique="false">
            <column length="200" name="username"/>
        </property>
        <property generated="never" lazy="false" name="password" optimistic-lock="true" type="string" unique="false">
            <column length="200" name="password"/>
        </property>
    </class>
</hibernate-mapping>
