<?xml version="1.0" encoding="UTF-8" standalone="no"?>
<!-- Generated 21 Nov, 2024 2:08:57 PM by Hibernate Tools 5.2.10.Final --><!DOCTYPE hibernate-mapping PUBLIC "-//Hibernate/Hibernate Mapping DTD 3.0//EN" "http://www.hibernate.org/dtd/hibernate-mapping-3.0.dtd">
<hibernate-mapping auto-import="true" default-access="property" default-cascade="none" default-lazy="true">
    <class catalog="bookstore" dynamic-insert="false" dynamic-update="false" mutable="true" name="com.pojo.Order" optimistic-lock="version" polymorphism="implicit" select-before-update="false" table="order">
        <id name="oid" type="java.lang.Integer">
            <column name="oid"/>
            <generator class="identity"/>
        </id>
        <many-to-one class="com.pojo.Books" embed-xml="true" fetch="select" insert="true" name="books" not-found="exception" optimistic-lock="true" unique="false" update="true">
            <column name="bid"/>
        </many-to-one>
        <many-to-one class="com.pojo.Register" embed-xml="true" fetch="select" insert="true" name="register" not-found="exception" optimistic-lock="true" unique="false" update="true">
            <column name="rid"/>
        </many-to-one>
        <property generated="never" lazy="false" name="orderid" optimistic-lock="true" type="string" unique="false">
            <column length="200" name="orderid"/>
        </property>
        <property generated="never" lazy="false" name="orderdate" optimistic-lock="true" type="date" unique="false">
            <column length="0" name="orderdate"/>
        </property>
    </class>
</hibernate-mapping>
